timestamp,event,num_intruders,ids,confidences,snapshot
2026-08-29 20:08:25,TRACK_INTRUSION,1,0,0.96,alerts\intrusion_20260829_200825_813_TRACK.jpg
2026-08-29 20:08:28,TRACK_INTRUSION,1,0,0.99,alerts\intrusion_20260829_200828_878_TRACK.jpg
2026-08-29 20:08:31,TRACK_INTRUSION,1,0,1.00,alerts\intrusion_20260829_200831_918_TRACK.jpg
2026-08-29 20:08:35,TRACK_INTRUSION,1,0,1.00,alerts\intrusion_20260829_200835_152_TRACK.jpg
2026-08-29 20:08:38,TRACK_INTRUSION,1,0,1.00,alerts\intrusion_20260829_200838_341_TRACK.jpg
2026-08-29 20:08:41,TRACK_INTRUSION,1,0,1.00,alerts\intrusion_20260829_200841_383_TRACK.jpg
2026-08-29 20:08:44,TRACK_INTRUSION,1,0,1.00,alerts\intrusion_20260829_200844_401_TRACK.jpg
2026-08-29 20:08:47,TRACK_INTRUSION,1,0,1.00,alerts\intrusion_20260829_200847_499_TRACK.jpg
2026-08-29 20:17:03,TRACK_INTRUSION,1,0,0.91,alerts\intrusion_20260829_201703_503_TRACK.jpg
2026-08-29 20:17:07,TRACK_INTRUSION,1,0,1.00,alerts\intrusion_20260829_201707_793_TRACK.jpg
2026-08-29 20:17:12,TRACK_INTRUSION,1,1,1.00,alerts\intrusion_20260829_201712_101_TRACK.jpg
2026-08-29 20:17:16,TRACK_INTRUSION,1,1,1.00,alerts\intrusion_20260829_201716_342_TRACK.jpg
2026-08-29 20:17:20,TRACK_INTRUSION,1,1,1.00,alerts\intrusion_20260829_201720_464_TRACK.jpg
2026-08-29 20:17:23,TRACK_INTRUSION,1,1,1.00,alerts\intrusion_20260829_201723_575_TRACK.jpg
2026-08-29 20:26:22,TRACK_INTRUSION,1,0,0.98,alerts\intrusion_20260829_202622_484_TRACK.jpg
2026-08-29 20:26:26,TRACK_INTRUSION,1,0,0.99,alerts\intrusion_20260829_202626_117_TRACK.jpg
2026-08-29 20:26:33,TRACK_INTRUSION,1,0,0.99,alerts\intrusion_20260829_202633_146_TRACK.jpg
2026-08-29 20:26:36,TRACK_INTRUSION,1,0,1.00,alerts\intrusion_20260829_202636_718_TRACK.jpg
2026-08-29 20:26:48,TRACK_INTRUSION,1,0,1.00,alerts\intrusion_20260829_202648_380_TRACK.jpg
2026-08-29 20:26:52,TRACK_INTRUSION,1,0,1.00,alerts\intrusion_20260829_202652_605_TRACK.jpg
2026-08-29 20:27:11,TRACK_INTRUSION,1,3,0.39,alerts\intrusion_20260829_202711_017_TRACK.jpg
2026-08-29 20:53:08,TRACK_INTRUSION,1,0,0.98,alerts\intrusion_20260829_205308_643_TRACK.jpg
2026-08-29 20:53:11,TRACK_INTRUSION,1,0,1.00,alerts\intrusion_20260829_205311_863_TRACK.jpg
2026-08-29 20:56:35,TRACK_INTRUSION,1,0,0.89,alerts\intrusion_20260829_205635_541_TRACK.jpg
2026-08-29 20:56:39,TRACK_INTRUSION,1,0,1.00,alerts\intrusion_20260829_205639_115_TRACK.jpg
2026-09-02 12:03:45,TRACK_INTRUSION,1,0,0.90,alerts\intrusion_20260902_120345_407_TRACK.jpg
2026-09-02 12:03:48,TRACK_INTRUSION,1,1,1.00,alerts\intrusion_20260902_120348_569_TRACK.jpg
2026-09-02 12:03:52,TRACK_INTRUSION,1,1,1.00,alerts\intrusion_20260902_120352_003_TRACK.jpg
2026-09-03 22:10:22,TRACK_INTRUSION,1,0,0.98,alerts\intrusion_20260903_221022_317_TRACK.jpg
2026-09-03 22:10:25,TRACK_INTRUSION,1,0,0.98,alerts\intrusion_20260903_221025_676_TRACK.jpg
2026-09-03 22:10:28,TRACK_INTRUSION,1,0,0.97,alerts\intrusion_20260903_221028_940_TRACK.jpg
2026-09-03 22:10:32,TRACK_INTRUSION,1,1,1.00,alerts\intrusion_20260903_221032_840_TRACK.jpg
2026-09-03 22:10:35,TRACK_INTRUSION,1,1,1.00,alerts\intrusion_20260903_221035_847_TRACK.jpg
2026-09-03 22:10:39,TRACK_INTRUSION,1,1,0.94,alerts\intrusion_20260903_221039_022_TRACK.jpg
2026-09-03 22:10:42,TRACK_INTRUSION,1,1,0.91,alerts\intrusion_20260903_221042_436_TRACK.jpg
2026-09-03 22:11:01,TRACK_INTRUSION,1,2,0.56,alerts\intrusion_20260903_221101_261_TRACK.jpg
2026-09-03 22:11:05,TRACK_INTRUSION,1,3,0.80,alerts\intrusion_20260903_221105_634_TRACK.jpg
2026-09-03 22:11:08,TRACK_INTRUSION,1,3,0.96,alerts\intrusion_20260903_221108_915_TRACK.jpg
2026-09-05 10:44:12,TRACK_INTRUSION,2,0;1,1.00;0.81,alerts\intrusion_20260905_104412_293_TRACK.jpg
2026-09-05 10:44:36,TRACK_INTRUSION,2,0;1,1.00;0.81,alerts\intrusion_20260905_104436_453_TRACK.jpg
2026-09-05 20:01:59,TRACK_INTRUSION,1,0,0.97,alerts\intrusion_20260905_200159_697_TRACK.jpg
2026-09-05 20:02:02,TRACK_INTRUSION,1,0,0.98,alerts\intrusion_20260905_200202_845_TRACK.jpg
2026-09-05 20:02:06,TRACK_INTRUSION,1,0,1.00,alerts\intrusion_20260905_200206_008_TRACK.jpg
2026-09-05 20:02:09,TRACK_INTRUSION,1,0,1.00,alerts\intrusion_20260905_200209_085_TRACK.jpg
2026-09-05 20:02:12,TRACK_INTRUSION,1,0,1.00,alerts\intrusion_20260905_200212_286_TRACK.jpg
2026-09-05 20:02:15,TRACK_INTRUSION,1,0,1.00,alerts\intrusion_20260905_200215_420_TRACK.jpg
2026-09-05 20:02:18,TRACK_INTRUSION,1,0,1.00,alerts\intrusion_20260905_200218_578_TRACK.jpg
2026-09-05 20:02:24,TRACK_INTRUSION,1,1,0.50,alerts\intrusion_20260905_200224_035_TRACK.jpg
2026-09-05 20:02:27,TRACK_INTRUSION,1,1,1.00,alerts\intrusion_20260905_200227_163_TRACK.jpg
2026-09-05 20:02:30,TRACK_INTRUSION,1,1,1.00,alerts\intrusion_20260905_200230_323_TRACK.jpg
2026-09-05 20:02:34,TRACK_INTRUSION,1,2,1.00,alerts\intrusion_20260905_200234_243_TRACK.jpg
2026-09-05 20:02:44,TRACK_INTRUSION,1,2,1.00,alerts\intrusion_20260905_200244_215_TRACK.jpg
